nome,email,senha
Fernanda Souza,fernanda.souza@gmail.com,123456
Gabriel Silva,gabriel.silva123@hotmail.com,gabriel123
Ana Oliveira,ana.oliveira@yahoo.com,ana2024
Lucas Souza,lucas.souza@outlook.com,senha1234
Juliana Costa,juliana.costa.oliveira@gmail.com,juliana123
Carlos Almeida,carlos.almeida123@hotmail.com,carlos2024
Mariana Santos,mariana.santos@icloud.com,mariana123
Roberto Martins,roberto.martins@gmail.com,roberto2024
Patricia Mota,patricia.mota@yahoo.com,patricia123
Eduardo Silva,eduardo.silva@outlook.com,eduardo1234
Renata Pereira,renata.pereira@hotmail.com,renata2024
Lucas Ferreira,lucas.ferreira@gmail.com,lucas123
Camila Rocha,camila.rocha@outlook.com,camila456
Bruna Costa,bruna.costa@icloud.com,bruna123
Felipe Almeida,felipe.almeida@gmail.com,felipe2024
Carla Souza,carla.souza@outlook.com,carla789
Thiago Martins,thiago.martins@yahoo.com,thiago123
Juliana Ribeiro,juliana.ribeiro@icloud.com,juliana456
Mateus Oliveira,mateus.oliveira@hotmail.com,mateus789
Fernanda Lima,fernanda.lima@gmail.com,fernanda321